<?xml version="1.0" encoding="utf-8" standalone="yes"?>
<rss version="2.0" xmlns:atom="http://www.w3.org/2005/Atom">
  <channel>
    <title>Software on Hugoplate</title>
    <link>//localhost:1313/tags/software/</link>
    <description>Recent content in Software on Hugoplate</description>
    <generator>Hugo</generator>
    <language>en-us</language>
    <lastBuildDate>Mon, 04 Apr 2022 05:00:00 +0000</lastBuildDate>
    <atom:link href="//localhost:1313/tags/software/index.xml" rel="self" type="application/rss+xml" />
    <item>
      <title>How to build an Application with modern Technology</title>
      <link>//localhost:1313/blog/post-3/</link>
      <pubDate>Mon, 04 Apr 2022 05:00:00 +0000</pubDate>
      <guid>//localhost:1313/blog/post-3/</guid>
      <description>&lt;p&gt;Nemo vel ad consectetur namut rutrum ex, venenatis sollicitudin urna. Aliquam erat volutpat. Integer eu ipsum sem. Ut bibendum lacus vestibulum maximus suscipit. Quisque vitae nibh iaculis neque blandit euismod.&lt;/p&gt;</description>
    </item>
  </channel>
</rss>
