<?xml version="1.0" encoding="utf-8" standalone="yes"?>
<rss version="2.0" xmlns:atom="http://www.w3.org/2005/Atom">
  <channel>
    <title>Sections on Hugoplate</title>
    <link>//localhost:1313/sections/</link>
    <description>Recent content in Sections on Hugoplate</description>
    <generator>Hugo</generator>
    <language>en-us</language>
    <atom:link href="//localhost:1313/sections/index.xml" rel="self" type="application/rss+xml" />
    <item>
      <title>Ready to build your next project with Hugo?</title>
      <link></link>
      <pubDate>Mon, 01 Jan 0001 00:00:00 +0000</pubDate>
      <guid></guid>
      <description></description>
    </item>
    <item>
      <title>What Users Are Saying About Hugoplate</title>
      <link></link>
      <pubDate>Mon, 01 Jan 0001 00:00:00 +0000</pubDate>
      <guid></guid>
      <description></description>
    </item>
  </channel>
</rss>
