<?xml version="1.0" encoding="utf-8" standalone="yes"?>
<rss version="2.0" xmlns:atom="http://www.w3.org/2005/Atom">
  <channel>
    <title>Hugoplate</title>
    <link>//localhost:1313/</link>
    <description>Recent content on Hugoplate</description>
    <generator>Hugo</generator>
    <language>en-us</language>
    <lastBuildDate>Mon, 30 Jun 2025 00:00:00 -0400</lastBuildDate>
    <atom:link href="//localhost:1313/index.xml" rel="self" type="application/rss+xml" />
    <item>
      <title>Chipping &amp; Shredding</title>
      <link>//localhost:1313/services/chipping-and-shredding/</link>
      <pubDate>Mon, 30 Jun 2025 00:00:00 -0400</pubDate>
      <guid>//localhost:1313/services/chipping-and-shredding/</guid>
      <description>&lt;p&gt;Lorem Ipsum is simply dummy text of the printing and typesetting industry. Lorem Ipsum has been the industry&amp;rsquo;s standard dummy text ever since the 1500s, when an unknown printer took a galley of type and scrambled it to make a type specimen book. It has survived not only five centuries, but also the leap into electronic typesetting, remaining essentially unchanged. It was popularised in the 1960s with the release of Letraset sheets containing Lorem Ipsum passages, and more recently with desktop publishing software like Aldus PageMaker including versions of Lorem Ipsum.&lt;/p&gt;</description>
    </item>
    <item>
      <title>Garden Mulching</title>
      <link>//localhost:1313/services/garden-mulching/</link>
      <pubDate>Mon, 30 Jun 2025 00:00:00 -0400</pubDate>
      <guid>//localhost:1313/services/garden-mulching/</guid>
      <description>&lt;p&gt;Lorem Ipsum is simply dummy text of the printing and typesetting industry. Lorem Ipsum has been the industry&amp;rsquo;s standard dummy text ever since the 1500s, when an unknown printer took a galley of type and scrambled it to make a type specimen book. It has survived not only five centuries, but also the leap into electronic typesetting, remaining essentially unchanged. It was popularised in the 1960s with the release of Letraset sheets containing Lorem Ipsum passages, and more recently with desktop publishing software like Aldus PageMaker including versions of Lorem Ipsum.&lt;/p&gt;</description>
    </item>
    <item>
      <title>Hedge Trimming &amp; Pruning</title>
      <link>//localhost:1313/services/hedge-trimming-and-pruning/</link>
      <pubDate>Mon, 30 Jun 2025 00:00:00 -0400</pubDate>
      <guid>//localhost:1313/services/hedge-trimming-and-pruning/</guid>
      <description>&lt;p&gt;Lorem Ipsum is simply dummy text of the printing and typesetting industry. Lorem Ipsum has been the industry&amp;rsquo;s standard dummy text ever since the 1500s, when an unknown printer took a galley of type and scrambled it to make a type specimen book. It has survived not only five centuries, but also the leap into electronic typesetting, remaining essentially unchanged. It was popularised in the 1960s with the release of Letraset sheets containing Lorem Ipsum passages, and more recently with desktop publishing software like Aldus PageMaker including versions of Lorem Ipsum.&lt;/p&gt;</description>
    </item>
    <item>
      <title>Lawn Care</title>
      <link>//localhost:1313/services/lawncare/</link>
      <pubDate>Mon, 30 Jun 2025 00:00:00 -0400</pubDate>
      <guid>//localhost:1313/services/lawncare/</guid>
      <description>&lt;p&gt;We provide scheduled lawn mowing, edging, trimming, and blowing services to keep your yard neat and manicured throughout the season. Let us keep your grass healthy and your property beautiful.&lt;/p&gt;</description>
    </item>
    <item>
      <title>Log Splitting</title>
      <link>//localhost:1313/services/log-splitting/</link>
      <pubDate>Mon, 30 Jun 2025 00:00:00 -0400</pubDate>
      <guid>//localhost:1313/services/log-splitting/</guid>
      <description>&lt;p&gt;Lorem Ipsum is simply dummy text of the printing and typesetting industry. Lorem Ipsum has been the industry&amp;rsquo;s standard dummy text ever since the 1500s, when an unknown printer took a galley of type and scrambled it to make a type specimen book. It has survived not only five centuries, but also the leap into electronic typesetting, remaining essentially unchanged. It was popularised in the 1960s with the release of Letraset sheets containing Lorem Ipsum passages, and more recently with desktop publishing software like Aldus PageMaker including versions of Lorem Ipsum.&lt;/p&gt;</description>
    </item>
    <item>
      <title>Mosquito Control</title>
      <link>//localhost:1313/services/mosquito-control/</link>
      <pubDate>Mon, 30 Jun 2025 00:00:00 -0400</pubDate>
      <guid>//localhost:1313/services/mosquito-control/</guid>
      <description>&lt;p&gt;Lorem Ipsum is simply dummy text of the printing and typesetting industry. Lorem Ipsum has been the industry&amp;rsquo;s standard dummy text ever since the 1500s, when an unknown printer took a galley of type and scrambled it to make a type specimen book. It has survived not only five centuries, but also the leap into electronic typesetting, remaining essentially unchanged. It was popularised in the 1960s with the release of Letraset sheets containing Lorem Ipsum passages, and more recently with desktop publishing software like Aldus PageMaker including versions of Lorem Ipsum.&lt;/p&gt;</description>
    </item>
    <item>
      <title>Power Washing &amp; Stone Cleaning</title>
      <link>//localhost:1313/services/power-washing-and-stone-cleaning/</link>
      <pubDate>Mon, 30 Jun 2025 00:00:00 -0400</pubDate>
      <guid>//localhost:1313/services/power-washing-and-stone-cleaning/</guid>
      <description>&lt;p&gt;Lorem Ipsum is simply dummy text of the printing and typesetting industry. Lorem Ipsum has been the industry&amp;rsquo;s standard dummy text ever since the 1500s, when an unknown printer took a galley of type and scrambled it to make a type specimen book. It has survived not only five centuries, but also the leap into electronic typesetting, remaining essentially unchanged. It was popularised in the 1960s with the release of Letraset sheets containing Lorem Ipsum passages, and more recently with desktop publishing software like Aldus PageMaker including versions of Lorem Ipsum.&lt;/p&gt;</description>
    </item>
    <item>
      <title>Spring &amp; Fall Cleanups</title>
      <link>//localhost:1313/services/spring-and-fall-cleanups/</link>
      <pubDate>Mon, 30 Jun 2025 00:00:00 -0400</pubDate>
      <guid>//localhost:1313/services/spring-and-fall-cleanups/</guid>
      <description>&lt;p&gt;Lorem Ipsum is simply dummy text of the printing and typesetting industry. Lorem Ipsum has been the industry&amp;rsquo;s standard dummy text ever since the 1500s, when an unknown printer took a galley of type and scrambled it to make a type specimen book. It has survived not only five centuries, but also the leap into electronic typesetting, remaining essentially unchanged. It was popularised in the 1960s with the release of Letraset sheets containing Lorem Ipsum passages, and more recently with desktop publishing software like Aldus PageMaker including versions of Lorem Ipsum.&lt;/p&gt;</description>
    </item>
    <item>
      <title>Tree Removal</title>
      <link>//localhost:1313/services/tree-removal/</link>
      <pubDate>Mon, 30 Jun 2025 00:00:00 -0400</pubDate>
      <guid>//localhost:1313/services/tree-removal/</guid>
      <description>&lt;p&gt;Lorem Ipsum is simply dummy text of the printing and typesetting industry. Lorem Ipsum has been the industry&amp;rsquo;s standard dummy text ever since the 1500s, when an unknown printer took a galley of type and scrambled it to make a type specimen book. It has survived not only five centuries, but also the leap into electronic typesetting, remaining essentially unchanged. It was popularised in the 1960s with the release of Letraset sheets containing Lorem Ipsum passages, and more recently with desktop publishing software like Aldus PageMaker including versions of Lorem Ipsum.&lt;/p&gt;</description>
    </item>
    <item>
      <title>Window Cleaning</title>
      <link>//localhost:1313/services/window-cleaning/</link>
      <pubDate>Mon, 30 Jun 2025 00:00:00 -0400</pubDate>
      <guid>//localhost:1313/services/window-cleaning/</guid>
      <description>&lt;p&gt;Lorem Ipsum is simply dummy text of the printing and typesetting industry. Lorem Ipsum has been the industry&amp;rsquo;s standard dummy text ever since the 1500s, when an unknown printer took a galley of type and scrambled it to make a type specimen book. It has survived not only five centuries, but also the leap into electronic typesetting, remaining essentially unchanged. It was popularised in the 1960s with the release of Letraset sheets containing Lorem Ipsum passages, and more recently with desktop publishing software like Aldus PageMaker including versions of Lorem Ipsum.&lt;/p&gt;</description>
    </item>
    <item>
      <title>How to build an Application with modern Technology</title>
      <link>//localhost:1313/blog/post-1/</link>
      <pubDate>Mon, 04 Apr 2022 05:00:00 +0000</pubDate>
      <guid>//localhost:1313/blog/post-1/</guid>
      <description>&lt;p&gt;Nemo vel ad consectetur namut rutrum ex, venenatis sollicitudin urna. Aliquam erat volutpat. Integer eu ipsum sem. Ut bibendum lacus vestibulum maximus suscipit. Quisque vitae nibh iaculis neque blandit euismod.&lt;/p&gt;</description>
    </item>
    <item>
      <title>How to build an Application with modern Technology</title>
      <link>//localhost:1313/blog/post-2/</link>
      <pubDate>Mon, 04 Apr 2022 05:00:00 +0000</pubDate>
      <guid>//localhost:1313/blog/post-2/</guid>
      <description>&lt;p&gt;Nemo vel ad consectetur namut rutrum ex, venenatis sollicitudin urna. Aliquam erat volutpat. Integer eu ipsum sem. Ut bibendum lacus vestibulum maximus suscipit. Quisque vitae nibh iaculis neque blandit euismod.&lt;/p&gt;</description>
    </item>
    <item>
      <title>How to build an Application with modern Technology</title>
      <link>//localhost:1313/blog/post-3/</link>
      <pubDate>Mon, 04 Apr 2022 05:00:00 +0000</pubDate>
      <guid>//localhost:1313/blog/post-3/</guid>
      <description>&lt;p&gt;Nemo vel ad consectetur namut rutrum ex, venenatis sollicitudin urna. Aliquam erat volutpat. Integer eu ipsum sem. Ut bibendum lacus vestibulum maximus suscipit. Quisque vitae nibh iaculis neque blandit euismod.&lt;/p&gt;</description>
    </item>
    <item>
      <title>How to build an Application with modern Technology</title>
      <link>//localhost:1313/blog/post-4/</link>
      <pubDate>Mon, 04 Apr 2022 05:00:00 +0000</pubDate>
      <guid>//localhost:1313/blog/post-4/</guid>
      <description>&lt;p&gt;Nemo vel ad consectetur namut rutrum ex, venenatis sollicitudin urna. Aliquam erat volutpat. Integer eu ipsum sem. Ut bibendum lacus vestibulum maximus suscipit. Quisque vitae nibh iaculis neque blandit euismod.&lt;/p&gt;</description>
    </item>
    <item>
      <title></title>
      <link>//localhost:1313/2/</link>
      <pubDate>Mon, 01 Jan 0001 00:00:00 +0000</pubDate>
      <guid>//localhost:1313/2/</guid>
      <description></description>
    </item>
    <item>
      <title>Elements</title>
      <link>//localhost:1313/elements/</link>
      <pubDate>Mon, 01 Jan 0001 00:00:00 +0000</pubDate>
      <guid>//localhost:1313/elements/</guid>
      <description>&lt;details class=&#34;table-of-content &#34;&gt;&#xA;  &lt;summary&gt;&#xA;    &#xA;      Table of Contents&#xA;    &#xA;  &lt;/summary&gt;&#xA;  &lt;nav id=&#34;TableOfContents&#34;&gt;&#xA;  &lt;ol&gt;&#xA;    &lt;li&gt;&lt;a href=&#34;#heading-2&#34;&gt;Heading 2&lt;/a&gt;&#xA;      &lt;ol&gt;&#xA;        &lt;li&gt;&lt;a href=&#34;#heading-3&#34;&gt;Heading 3&lt;/a&gt;&#xA;          &lt;ol&gt;&#xA;            &lt;li&gt;&lt;a href=&#34;#heading-4&#34;&gt;Heading 4&lt;/a&gt;&#xA;              &lt;ol&gt;&#xA;                &lt;li&gt;&lt;a href=&#34;#heading-5&#34;&gt;Heading 5&lt;/a&gt;&lt;/li&gt;&#xA;              &lt;/ol&gt;&#xA;            &lt;/li&gt;&#xA;          &lt;/ol&gt;&#xA;        &lt;/li&gt;&#xA;        &lt;li&gt;&lt;a href=&#34;#emphasis&#34;&gt;Emphasis&lt;/a&gt;&lt;/li&gt;&#xA;        &lt;li&gt;&lt;a href=&#34;#button&#34;&gt;Button&lt;/a&gt;&lt;/li&gt;&#xA;        &lt;li&gt;&lt;a href=&#34;#link&#34;&gt;Link&lt;/a&gt;&lt;/li&gt;&#xA;        &lt;li&gt;&lt;a href=&#34;#paragraph&#34;&gt;Paragraph&lt;/a&gt;&lt;/li&gt;&#xA;        &lt;li&gt;&lt;a href=&#34;#ordered-list&#34;&gt;Ordered List&lt;/a&gt;&lt;/li&gt;&#xA;        &lt;li&gt;&lt;a href=&#34;#unordered-list&#34;&gt;Unordered List&lt;/a&gt;&lt;/li&gt;&#xA;        &lt;li&gt;&lt;a href=&#34;#notice&#34;&gt;Notice&lt;/a&gt;&lt;/li&gt;&#xA;        &lt;li&gt;&lt;a href=&#34;#tab&#34;&gt;Tab&lt;/a&gt;&lt;/li&gt;&#xA;        &lt;li&gt;&lt;a href=&#34;#accordions&#34;&gt;Accordions&lt;/a&gt;&lt;/li&gt;&#xA;        &lt;li&gt;&lt;a href=&#34;#code-and-syntax-highlighting&#34;&gt;Code and Syntax Highlighting&lt;/a&gt;&lt;/li&gt;&#xA;        &lt;li&gt;&lt;a href=&#34;#blockquote&#34;&gt;Blockquote&lt;/a&gt;&lt;/li&gt;&#xA;        &lt;li&gt;&lt;a href=&#34;#tables&#34;&gt;Tables&lt;/a&gt;&lt;/li&gt;&#xA;        &lt;li&gt;&lt;a href=&#34;#image&#34;&gt;Image&lt;/a&gt;&lt;/li&gt;&#xA;        &lt;li&gt;&lt;a href=&#34;#gallery&#34;&gt;Gallery&lt;/a&gt;&lt;/li&gt;&#xA;        &lt;li&gt;&lt;a href=&#34;#slider&#34;&gt;Slider&lt;/a&gt;&lt;/li&gt;&#xA;        &lt;li&gt;&lt;a href=&#34;#youtube-video&#34;&gt;Youtube video&lt;/a&gt;&lt;/li&gt;&#xA;        &lt;li&gt;&lt;a href=&#34;#custom-video&#34;&gt;Custom video&lt;/a&gt;&lt;/li&gt;&#xA;      &lt;/ol&gt;&#xA;    &lt;/li&gt;&#xA;  &lt;/ol&gt;&#xA;&lt;/nav&gt;&#xA;&lt;/details&gt;&#xA;&#xA;&lt;p&gt;Here is an example of headings. You can use this heading by the following markdown rules. For example: use &lt;code&gt;#&lt;/code&gt; for heading 1 and use &lt;code&gt;######&lt;/code&gt; for heading 6.&lt;/p&gt;</description>
    </item>
    <item>
      <title>John Doe</title>
      <link>//localhost:1313/authors/john-doe/</link>
      <pubDate>Mon, 01 Jan 0001 00:00:00 +0000</pubDate>
      <guid>//localhost:1313/authors/john-doe/</guid>
      <description>&lt;p&gt;lorem ipsum dolor sit amet, consectetur adipiscing elit, sed do eiusmod tempor incididunt ut labore et dolore magna aliqua. Ut enim ad minim veniam, quis nostr navigation et dolore magna aliqua.&lt;/p&gt;</description>
    </item>
    <item>
      <title>Privacy</title>
      <link>//localhost:1313/privacy-policy/</link>
      <pubDate>Mon, 01 Jan 0001 00:00:00 +0000</pubDate>
      <guid>//localhost:1313/privacy-policy/</guid>
      <description>&lt;h4 id=&#34;responsibility-of-contributors&#34;&gt;Responsibility of Contributors&lt;/h4&gt;&#xA;&lt;p&gt;Lorem ipsum dolor sit amet, consectetur adipiscing elit. Purus, donec nunc eros, ullamcorper id feugiat quisque aliquam sagittis. Sem turpis sed viverra massa gravida pharetra. Non dui dolor potenti eu dignissim fusce. Ultrices amet, in curabitur a arcu a lectus morbi id. Iaculis erat sagittis in tortor cursus. Molestie urna eu tortor, erat scelerisque eget. Nunc hendrerit sed interdum lacus. Lorem quis viverra sed&lt;/p&gt;</description>
    </item>
    <item>
      <title>Ready to build your next project with Hugo?</title>
      <link></link>
      <pubDate>Mon, 01 Jan 0001 00:00:00 +0000</pubDate>
      <guid></guid>
      <description></description>
    </item>
    <item>
      <title>Sam Wilson</title>
      <link>//localhost:1313/authors/sam-wilson/</link>
      <pubDate>Mon, 01 Jan 0001 00:00:00 +0000</pubDate>
      <guid>//localhost:1313/authors/sam-wilson/</guid>
      <description>&lt;p&gt;lorem ipsum dolor sit amet, consectetur adipiscing elit, sed do eiusmod tempor incididunt ut labore et dolore magna aliqua. Ut enim ad minim veniam, quis nostr navigation et dolore magna aliqua.&lt;/p&gt;</description>
    </item>
    <item>
      <title>What Users Are Saying About Hugoplate</title>
      <link></link>
      <pubDate>Mon, 01 Jan 0001 00:00:00 +0000</pubDate>
      <guid></guid>
      <description></description>
    </item>
    <item>
      <title>William Jacob</title>
      <link>//localhost:1313/authors/william-jacob/</link>
      <pubDate>Mon, 01 Jan 0001 00:00:00 +0000</pubDate>
      <guid>//localhost:1313/authors/william-jacob/</guid>
      <description>&lt;p&gt;lorem ipsum dolor sit amet, consectetur adipiscing elit, sed do eiusmod tempor incididunt ut labore et dolore magna aliqua. Ut enim ad minim veniam, quis nostr navigation et dolore magna aliqua.&lt;/p&gt;</description>
    </item>
  </channel>
</rss>
